Barcode	CellType
AAACCTGAGCTTATCG-1	RS2
AAACCTGGTTGAGTTC-1	RS1
AAACCTGTCAACGAAA-1	RS2
AAACGGGCACAGGTTT-1	RS2
AAACGGGTCATTTGGG-1	ES
AAACGGGTCCTCATTA-1	ES
AAAGATGAGGTACTCT-1	RS1
AAAGCAAAGACAGACC-1	SC2
AAAGCAAAGGTACTCT-1	RS2
AAAGCAACAAAGTCAA-1	SC2
AAAGCAAGTGATGATA-1	SC2
AAAGCAAGTTCCTCCA-1	ES
AAAGTAGCAGCGTAAG-1	CS
AAAGTAGGTGTTCGAT-1	SC2
AAAGTAGTCCGCAGTG-1	SC2
AAATGCCCAAAGGTGC-1	SC2
AAATGCCCACTTACGA-1	RS1
AAATGCCGTACCTACA-1	SC1
AACACGTCAGACAGGT-1	SC2
AACACGTGTCGCTTCT-1	CS
AACCATGAGAGGTACC-1	SC2
AACCATGAGATCCGAG-1	CS
AACCGCGAGGACCACA-1	SC2
AACCGCGCAGGATCGA-1	CS
AACCGCGGTCATGCAT-1	SC2
AACGTTGAGGGAGTAA-1	SC2
AACGTTGTCCACGTGG-1	RS1
AACGTTGTCTGCCAGG-1	CS
AACTCAGCAATGGTCT-1	CS
AACTCAGGTAAATGTG-1	RS1
AACTCAGTCGACGGAA-1	CS
AACTCTTGTGAGCGAT-1	SC2
AACTCTTGTTGGTGGA-1	RS2
AACTCTTTCAGTTTGG-1	SC2
AACTGGTAGAGAGCTC-1	RS1
AACTGGTCAGTCCTTC-1	RS1
AACTGGTGTCAATGTC-1	SC2
AACTTTCCACAGACTT-1	SC2
AACTTTCGTCCGTCAG-1	SC2
AAGACCTCACAGGTTT-1	SC2
AAGACCTGTGTTCGAT-1	RS1
AAGCCGCAGAACAACT-1	RS1
AAGCCGCAGTTCGCAT-1	CS
AAGGAGCGTCTTCGTC-1	RS1
AAGGAGCGTCTTTCAT-1	RS2
AAGGAGCGTGCACTTA-1	SC2
AAGGTTCTCTTCGAGA-1	CS
AAGTCTGAGTAGGTGC-1	RS1
AAGTCTGGTAAATACG-1	SC2
AAGTCTGGTCCAGTGC-1	RS2
AAGTCTGTCTACTATC-1	SC2
AATCCAGCATCCCACT-1	RS2
AATCGGTCAAGTCTAC-1	SC2
AATCGGTCAGGGAGAG-1	SC1
AATCGGTGTATAGTAG-1	SC1
ACACCAAAGAGCAATT-1	RS1
ACACCAACAAGCGATG-1	SC2
ACACCAATCGCTTAGA-1	CS
ACACCCTCAACACCTA-1	RS1
ACACCCTGTAGGACAC-1	CS
ACACCCTTCCATTCTA-1	RS2
ACACCCTTCTTAGAGC-1	RS1
ACACCGGAGAAGGCCT-1	RS1
ACACCGGAGTATCTCG-1	RS1
ACACCGGAGTCCGGTC-1	RS1
ACACTGAAGTCTCAAC-1	SC2
ACACTGAGTGCGGTAA-1	SC2
ACACTGATCCACGTGG-1	SC2
ACAGCCGAGAGAGCTC-1	RS2
ACAGCCGAGCTACCTA-1	RS1
ACAGCCGGTTTGCATG-1	CS
ACAGCTAAGGACATTA-1	SC1
ACAGCTACAATCGGTT-1	RS1
ACATACGAGAAGGCCT-1	CS
ACATACGAGAGCTATA-1	RS1
ACATACGAGATGGGTC-1	CS
ACATCAGCATCGGACC-1	SC2
ACATGGTAGACGCAAC-1	SC2
ACATGGTCAGCATACT-1	RS1
ACATGGTCATCAGTCA-1	ES
ACATGGTGTGCATCTA-1	SC2
ACATGGTTCTGCCCTA-1	SC2
ACCAGTAAGGCTCTTA-1	CS
ACCGTAAGTGCAGTAG-1	SC2
ACCGTAATCAAACGGG-1	ES
ACCGTAATCCGCATCT-1	CS
ACCTTTACAGACGCTC-1	SC1
ACGAGCCGTTAAGATG-1	SC2
ACGAGCCTCCTGCAGG-1	RS1
ACGAGGAAGATCCGAG-1	RS1
ACGAGGACAGACAGGT-1	RS2
ACGAGGAGTACCGTTA-1	RS2
ACGAGGAGTCCGTTAA-1	SC2
ACGAGGAGTGATGCCC-1	RS1
ACGAGGATCTGGCGAC-1	SC2
ACGATACGTAGCGTGA-1	RS2
ACGATGTCATTCGACA-1	SC2
ACGATGTTCCTGCAGG-1	CS
ACGCAGCAGACAGGCT-1	CS
ACGCCAGAGCCAGGAT-1	SC2
ACGCCAGTCACGCGGT-1	SC1
ACGCCGAAGACCTTTG-1	SC1
ACGCCGAGTACTCAAC-1	CS
ACGCCGAGTCTAGCGC-1	ES
ACGCCGAGTCTCCACT-1	RS1
ACGGAGACAATGGAGC-1	CS
ACGGAGACATCTACGA-1	CS
ACGGAGAGTTATCACG-1	RS2
ACGGGTCTCTCTTGAT-1	CS
ACTATCTAGGTGCACA-1	RS2
ACTATCTGTAAATGAC-1	SC2
ACTGAACGTGGGTCAA-1	RS2
ACTGAGTAGCCAACAG-1	SC2
ACTGATGAGAGCTTCT-1	RS2
ACTGATGCAATGGAGC-1	RS1
ACTGATGCATGACGGA-1	RS1
ACTGCTCAGTGCGATG-1	RS1
ACTGCTCCACAGACAG-1	SC1
ACTGCTCCAGACACTT-1	RS1
ACTGTCCGTGGACGAT-1	SC2
ACTTACTAGCGTTTAC-1	RS1
ACTTACTAGTCTTGCA-1	SC2
ACTTACTGTCTCTTTA-1	RS1
ACTTACTTCCTTGGTC-1	SC1
ACTTGTTAGCGATGAC-1	RS1
ACTTGTTAGGGCTTCC-1	CS
ACTTGTTCATGCAACT-1	SC2
ACTTTCATCCAGTATG-1	RS1
AGAATAGAGGGAAACA-1	CS
AGAATAGGTATGGTTC-1	ES
AGAATAGGTGTCTGAT-1	CS
AGAATAGGTTCCGGCA-1	RS2
AGAGTGGAGGTTACCT-1	RS2
AGAGTGGTCCTAGTGA-1	RS2
AGATCTGAGACATAAC-1	CS
AGATCTGTCTGATTCT-1	RS1
AGCAGCCAGCTATGCT-1	RS1
AGCAGCCCAAATCCGT-1	RS2
AGCAGCCGTTACCGAT-1	CS
AGCAGCCTCCTAAGTG-1	RS1
AGCATACGTTCGTTGA-1	RS2
AGCCTAAAGAGGTAGA-1	CS
AGCGGTCAGCGTGAAC-1	RS1
AGCGGTCTCCGTAGGC-1	CS
AGCGGTCTCGTACGGC-1	CS
AGCGTATAGTCATGCT-1	RS1
AGCGTATAGTGCGATG-1	RS2
AGCGTATCAATGAATG-1	CS
AGCGTATGTTAAGGGC-1	ES
AGCGTCGAGCCGGTAA-1	CS
AGCTCCTAGTTAGGTA-1	ES
AGCTCCTCATCGGGTC-1	RS1
AGCTCCTGTTGAGTTC-1	RS1
AGCTCTCAGGTGACCA-1	CS
AGCTCTCGTACCATCA-1	CS
AGCTCTCGTACTCTCC-1	SC2
AGCTCTCGTATAATGG-1	SC2
AGCTTGAAGACCGGAT-1	CS
AGCTTGACACAAGACG-1	CS
AGGCCACGTAGCAAAT-1	SC1
AGGCCGTCACGGCGTT-1	RS2
AGGCCGTGTTATGTGC-1	RS1
AGGGAGTGTCGGCTCA-1	RS1
AGGGAGTTCGAATGCT-1	SC2
AGGGATGAGATGTAAC-1	RS1
AGGGATGTCAACGAAA-1	SC2
AGGGTGATCATCGCTC-1	Sertoli
AGGTCATAGAGGGATA-1	RS1
AGGTCATAGTACGATA-1	SC2
AGGTCATAGTAGCGGT-1	ES
AGGTCCGAGAGCTTCT-1	RS2
AGTAGTCAGGAGTACC-1	RS1
AGTAGTCCAGGCTCAC-1	CS
AGTAGTCTCGGATGTT-1	RS1
AGTCTTTAGACATAAC-1	RS1
AGTCTTTAGGAGCGTT-1	RS1
AGTCTTTAGTGTTGAA-1	CS
AGTCTTTCACAGACTT-1	RS2
AGTCTTTGTCAGAATA-1	RS2
AGTGAGGCAGATGGGT-1	RS1
AGTGAGGGTCCATGAT-1	RS1
AGTGAGGGTGGAAAGA-1	CS
AGTGAGGGTTTGGCGC-1	RS2
AGTGAGGTCAGCTTAG-1	SC2
AGTGAGGTCCGCTGTT-1	SC2
AGTGGGACAATGCCAT-1	SC2
AGTGGGACAATGGTCT-1	RS2
AGTGGGACATCTCGCT-1	CS
AGTGGGATCATCTGTT-1	SC2
AGTGGGATCCTGCAGG-1	ES
AGTGTCAGTGAGTGAC-1	RS1
AGTGTCAGTGTGCCTG-1	CS
AGTGTCAGTTACGGAG-1	SC2
AGTGTCATCCCTAATT-1	RS1
AGTTGGTAGCCCAATT-1	SC2
AGTTGGTGTAAGGGCT-1	CS
AGTTGGTTCAGCTTAG-1	SC2
AGTTGGTTCCCTCTTT-1	CS
ATAACGCAGTCCAGGA-1	RS1
ATAACGCTCACTCCTG-1	SC1
ATAACGCTCCGGGTGT-1	CS
ATAAGAGAGAAACCGC-1	RS2
ATAAGAGAGAATGTTG-1	SC2
ATAAGAGTCGCATGGC-1	SC2
ATAGACCCAGTCAGAG-1	RS2
ATAGACCGTTCCACGG-1	CS
ATAGACCTCCCATTAT-1	RS1
ATCACGACAAATCCGT-1	SC2
ATCACGATCTTCGAGA-1	CS
ATCACGATCTTGTACT-1	RS2
ATCATCTAGGTAGCTG-1	RS1
ATCATCTGTACCCAAT-1	SC1
ATCATCTGTCCCTACT-1	CS
ATCATGGGTTCGTCTC-1	ES
ATCCACCAGAAACGCC-1	SC2
ATCCACCAGCTAACAA-1	RS2
ATCCACCAGTCTCAAC-1	RS2
ATCCACCCAGTACACT-1	SC2
ATCCACCCATTTCAGG-1	SC2
ATCCACCGTGTTTGTG-1	RS1
ATCCACCGTTATCACG-1	RS2
ATCCGAACACGGCGTT-1	SC2
ATCCGAACATGGATGG-1	SC2
ATCCGAATCTTCCTTC-1	RS2
ATCGAGTCACAGCGTC-1	RS1
ATCTACTCACGGTAGA-1	SC2
ATCTACTTCTTTAGGG-1	SC2
ATCTGCCAGACAGGCT-1	RS1
ATCTGCCGTGATGCCC-1	RS2
ATCTGCCGTTACGACT-1	CS
ATCTGCCTCGATCCCT-1	SC2
ATGAGGGCATCCTTGC-1	CS
ATGCGATAGACAGGCT-1	CS
ATGGGAGGTGCTCTTC-1	SC2
ATGGGAGTCTTGAGAC-1	SC2
ATGTGTGCATCAGTAC-1	RS2
ATGTGTGTCGTCGTTC-1	CS
ATGTGTGTCTCCAGGG-1	CS
ATTACTCGTGCCTTGG-1	CS
ATTATCCAGGCTACGA-1	RS2
ATTATCCGTGCAACGA-1	SC2
ATTATCCGTGTGTGCC-1	RS2
ATTATCCGTTCTGGTA-1	CS
ATTCTACAGTGTTAGA-1	RS2
ATTCTACCATGAAGTA-1	RS1
ATTCTACTCGGCGGTT-1	CS
ATTGGACGTTAAGTAG-1	CS
ATTGGTGGTAGAGCTG-1	ES
ATTTCTGGTGAGGCTA-1	CS
ATTTCTGTCCTGCTTG-1	RS1
CAACCAAAGCAATATG-1	RS1
CAACCAAAGGACGAAA-1	RS2
CAACCTCAGATCGATA-1	RS1
CAACTAGAGTTGAGAT-1	Sertoli
CAACTAGGTCCAAGTT-1	RS1
CAACTAGTCAACACCA-1	RS1
CAACTAGTCAGGCAAG-1	RS1
CAACTAGTCGCTGATA-1	SC2
CAAGAAAAGAACTCGG-1	SC2
CAAGAAACACGTCTCT-1	SC2
CAAGAAATCGCTAGCG-1	SC2
CAAGAAATCTAACTGG-1	CS
CAAGGCCAGAGCCCAA-1	RS2
CAAGGCCAGCGAAGGG-1	CS
CAAGGCCAGTACCGGA-1	SC1
CAAGGCCGTTGAGGTG-1	RS2
CAAGGCCTCCTAAGTG-1	ES
CAAGTTGCATGGTTGT-1	ES
CAAGTTGTCTGTTTGT-1	CS
CACAAACAGACGCACA-1	CS
CACAAACCACACGCTG-1	RS1
CACAAACGTTTGTGTG-1	RS1
CACAAACTCCTGCTTG-1	ES
CACACAAAGAGATGAG-1	CS
CACACAAGTGTCTGAT-1	CS
CACACCTTCTTCGAGA-1	RS1
CACACTCAGGATATAC-1	CS
CACACTCGTGGTCCGT-1	SC2
CACACTCTCGCGCCAA-1	RS1
CACACTCTCGTTGCCT-1	RS1
CACACTCTCTGAGGGA-1	SC2
CACAGGCAGGGATGGG-1	RS2
CACAGGCCATCGTCGG-1	ES
CACAGGCGTCGCATAT-1	RS1
CACAGTAGTTCCGGCA-1	CS
CACAGTATCTTGTATC-1	CS
CACATAGAGTACGCGA-1	SC1
CACATAGGTAGCCTCG-1	SC2
CACATAGGTCACTTCC-1	RS1
CACATTTAGGGTGTTG-1	RS1
CACATTTCACCATCCT-1	RS1
CACATTTTCGCAAACT-1	SC2
CACCACTAGCTATGCT-1	SC1
CACCACTCAAACTGCT-1	RS2
CACCACTCAAACTGTC-1	SC2
CACCACTGTTCAGTAC-1	SC2
CACCACTTCTACTATC-1	CS
CACCAGGCAGCCTTTC-1	SC2
CACCAGGTCACATAGC-1	RS1
CACCTTGAGGCTCATT-1	SC2
CACCTTGAGTGTTGAA-1	SC2
CACCTTGCAGCTGTGC-1	SC2
CACCTTGCATGGTCAT-1	RS1
CACTCCACAGTATAAG-1	SC2
CACTCCATCATAAAGG-1	RS2
CACTCCATCGCGGATC-1	RS1
CAGAATCGTGCTGTAT-1	CS
CAGAATCGTTGAGGTG-1	RS2
CAGAGAGCAGGACCCT-1	SC2
CAGATCACATAGACTC-1	SC2
CAGATCATCAAGCCTA-1	CS
CAGCAGCAGCGATCCC-1	CS
CAGCAGCAGTATGACA-1	SC2
CAGCAGCCAAGCCATT-1	ES
CAGCAGCGTTCACCTC-1	RS1
CAGCAGCTCACCTCGT-1	SC2
CAGCCGAAGAACTCGG-1	RS1
CAGCCGAAGAGGTTAT-1	CS
CAGCCGACAGCTGTAT-1	SC2
CAGCGACGTAATTGGA-1	RS1
CAGCGACGTTGGACCC-1	RS2
CAGCTAAGTAAGTAGT-1	RS1
CAGCTAAGTATGAATG-1	SC2
CAGCTAAGTATTCGTG-1	RS1
CAGCTGGCAACAACCT-1	RS1
CAGCTGGGTCTTGATG-1	CS
CAGTAACAGCAGCCTC-1	CS
CAGTAACTCCCTTGTG-1	RS2
CAGTCCTCACTACAGT-1	SC2
CAGTCCTCAGACGCCT-1	ES
CAGTCCTCAGGGTACA-1	CS
CATATGGCACCAGTTA-1	RS1
CATATGGTCAACCAAC-1	RS1
CATATTCAGATGGGTC-1	SC2
CATATTCCAAGACGTG-1	CS
CATATTCGTCTCACCT-1	CS
CATATTCTCGCTTGTC-1	RS1
CATCAAGCACGTGAGA-1	ES
CATCAAGCATTTGCCC-1	SC2
CATCAAGGTACCATCA-1	CS
CATCCACCACAGTCGC-1	RS2
CATCCACCATTCGACA-1	SC2
CATCGAAAGTAGCGGT-1	ES
CATCGAACAGTGAGTG-1	RS1
CATCGAACAGTGGGAT-1	RS1
CATCGGGAGAGAGCTC-1	RS2
CATCGGGAGTATCGAA-1	RS2
CATGCCTCAAGCTGGA-1	ES
CATGCCTCATACGCTA-1	ES
CATGCCTGTGGCGAAT-1	ES
CATGCCTTCAAACCAC-1	SC2
CATGGCGAGGTGATTA-1	SC2
CATGGCGTCAGTACGT-1	RS1
CATTATCCAGGAACGT-1	SC2
CATTATCCATCAGTAC-1	RS1
CATTATCGTTAGTGGG-1	SC2
CATTATCGTTTGCATG-1	SC2
CATTATCTCTGGTGTA-1	CS
CATTCGCAGATGTGTA-1	SC2
CATTCGCGTTCCCTTG-1	RS2
CATTCGCTCCGATATG-1	RS1
CCAATCCAGTGAATTG-1	RS2
CCAATCCCAACGCACC-1	SC2
CCAATCCGTCTTCGTC-1	RS2
CCAATCCGTTTCCACC-1	RS2
CCAATCCTCTGTCTAT-1	SC1
CCACCTAAGACTAGGC-1	SC1
CCACCTACAGACGTAG-1	ES
CCACCTAGTATGGTTC-1	SC2
CCACCTATCTACCAGA-1	CS
CCACTACAGCCGTCGT-1	SC2
CCACTACCACTCTGTC-1	RS1
CCAGCGAGTCTCTTTA-1	CS
CCAGCGAGTTGTCTTT-1	RS1
CCAGCGATCCAGAGGA-1	SC1
CCATGTCAGATCCTGT-1	CS
CCATGTCCAATAACGA-1	ES
CCATGTCGTGATGTCT-1	ES
CCATTCGAGTCTTGCA-1	RS2
CCATTCGCACTCAGGC-1	CS
CCATTCGTCGCGGATC-1	RS2
CCCAATCAGTACGCGA-1	RS1
CCCAATCCACATCCGG-1	SC2
CCCAATCGTATTACCG-1	SC2
CCCAGTTAGAGTTGGC-1	RS1
CCCAGTTGTCTAGGTT-1	CS
CCCAGTTTCATGTGGT-1	CS
CCCAGTTTCGCAGGCT-1	RS1
CCCAGTTTCGCCTGAG-1	CS
CCCAGTTTCTCGGACG-1	RS1
CCCATACAGTGACATA-1	CS
CCCTCCTAGTGTTGAA-1	CS
CCCTCCTCAATGGATA-1	SC2
CCCTCCTGTACCATCA-1	CS
CCCTCCTGTTGCCTCT-1	SC2
CCGGGATCATCCGGGT-1	SC1
CCGGGATGTACTTAGC-1	SC2
CCGGTAGGTGAGCGAT-1	SC2
CCGGTAGTCCAAGTAC-1	RS2
CCGTACTAGAGCAATT-1	ES
CCGTACTCAGACGCTC-1	CS
CCGTACTTCTTAACCT-1	SC2
CCGTGGAAGGTAAACT-1	RS2
CCGTGGATCACGCATA-1	Spg
CCTAAAGGTCTTCTCG-1	CS
CCTACCACAATGGACG-1	SC2
CCTAGCTCATTCCTCG-1	RS2
CCTAGCTGTAGCGTCC-1	SC2
CCTATTAGTATAAACG-1	SC2
CCTCAGTAGCTTCGCG-1	CS
CCTCAGTCATCTCGCT-1	RS1
CCTCAGTCATTACGAC-1	SC2
CCTCTGAAGTGGGCTA-1	RS1
CCTCTGACAGGTTTCA-1	CS
CCTCTGATCACGCATA-1	RS1
CCTTACGAGTGTGAAT-1	RS1
CCTTACGGTACGAAAT-1	CS
CCTTCCCGTACTCAAC-1	RS1
CCTTCGACAAAGGCGT-1	SC2
CCTTCGATCACATACG-1	SC1
CCTTTCTAGATGTTAG-1	SC2
CCTTTCTGTGATAAGT-1	CS
CCTTTCTTCTGCGTAA-1	CS
CGAACATAGTCAAGCG-1	RS2
CGAATGTAGACTAGGC-1	CS
CGAATGTAGGTGGGTT-1	RS1
CGAATGTGTTGTTTGG-1	RS1
CGAATGTTCGCCCTTA-1	CS
CGAATGTTCGTCTGAA-1	RS1
CGACCTTTCTGGTTCC-1	RS1
CGACTTCCAGCTATTG-1	RS1
CGACTTCGTTGGTAAA-1	CS
CGAGAAGAGAGTACCG-1	RS1
CGAGAAGCACTTAAGC-1	SC2
CGAGAAGCAGCTTCGG-1	RS2
CGAGCACCAAGAGGCT-1	RS2
CGAGCACCATCAGTCA-1	RS2
CGAGCACGTCTGCGGT-1	CS
CGAGCACGTGCAACGA-1	RS1
CGAGCACTCATAGCAC-1	CS
CGAGCCAAGAACTGTA-1	RS1
CGAGCCACAATGAATG-1	RS1
CGAGCCACAATGGATA-1	RS2
CGAGCCACAGCCTGTG-1	SC2
CGATCGGGTAGCGATG-1	SC2
CGATGGCAGTGCCATT-1	SC2
CGATGGCCATGACGGA-1	CS
CGATGGCGTCTGCAAT-1	ES
CGATGTATCATAAAGG-1	CS
CGATTGAAGACGACGT-1	RS1
CGATTGAGTCCAAGTT-1	Sertoli
CGCCAAGCATGACGGA-1	CS
CGCGGTAAGTGCTGCC-1	CS
CGCGGTACACGACGAA-1	RS2
CGCGTTTAGGGTTCCC-1	SC2
CGCGTTTGTAGCTCCG-1	RS1
CGCGTTTTCACAAACC-1	CS
CGCTATCTCAGCTGGC-1	SC2
CGCTGGACACAAGCCC-1	RS2
CGCTGGACACAGTCGC-1	ES
CGCTGGACATCTGGTA-1	SC1
CGCTGGATCTCGATGA-1	RS1
CGCTTCAAGCTAGTGG-1	SC2
CGCTTCACATTTCACT-1	CS
CGCTTCAGTTAAGAAC-1	SC2
CGCTTCATCTCAACTT-1	SC2
CGGACACGTCATACTG-1	SC1
CGGACACTCCCAACGG-1	RS1
CGGACACTCGCACTCT-1	SC2
CGGACGTAGACAAAGG-1	SC2
CGGACGTCACTTACGA-1	RS1
CGGACGTGTACATGTC-1	CS
CGGACGTTCAGCTCTC-1	RS2
CGGACTGAGCTAGTTC-1	ES
CGGACTGCAGTAACGG-1	RS1
CGGACTGTCCTTTCGG-1	RS1
CGGACTGTCTCGATGA-1	ES
CGGAGCTGTAGCTGCC-1	RS2
CGGAGTCAGGCGCTCT-1	RS2
CGGAGTCAGGGTGTTG-1	RS1
CGGAGTCTCCAAACAC-1	CS
CGGCTAGCAGCCAATT-1	CS
CGGCTAGCATCCGTGG-1	RS1
CGGCTAGTCTGATACG-1	SC2
CGGGTCAAGTCGTTTG-1	CS
CGGGTCAGTATCACCA-1	RS1
CGGGTCATCACGCATA-1	RS1
CGGGTCATCTGCCAGG-1	RS1
CGGGTCATCTTGCATT-1	RS2
CGGTTAAAGGTGCTAG-1	RS1
CGGTTAATCGAACTGT-1	RS1
CGGTTAATCTTACCGC-1	SC2
CGTAGCGAGCGATTCT-1	ES
CGTAGCGCAAGCCATT-1	RS1
CGTAGGCTCGAATCCA-1	SC2
CGTCACTAGTGACTCT-1	CS
CGTCAGGAGTGACTCT-1	RS1
CGTCAGGCATTCCTCG-1	CS
CGTCAGGGTCTGATCA-1	RS1
CGTCAGGGTGCTGTAT-1	SC2
CGTCCATAGTGGTAGC-1	ES
CGTCCATGTACCCAAT-1	RS1
CGTCCATTCTGAAAGA-1	RS2
CGTCTACAGCGATTCT-1	CS
CGTCTACGTAGCGTGA-1	RS1
CGTCTACGTGGTAACG-1	SC2
CGTCTACTCACAAACC-1	ES
CGTCTACTCGAGAGCA-1	RS1
CGTGAGCCAAGCGATG-1	RS1
CGTGAGCGTATGAATG-1	ES
CGTGAGCGTTCCCGAG-1	CS
CGTGTAAAGGAGTTTA-1	RS1
CGTGTAACAAGTAGTA-1	RS2
CGTGTAAGTGGTTTCA-1	CS
CGTGTAAGTGTGAAAT-1	RS2
CGTGTCTAGCACAGGT-1	SC2
CGTGTCTCACCTGGTG-1	CS
CGTGTCTGTATATCCG-1	SC2
CGTGTCTTCCTCTAGC-1	RS2
CGTTAGAGTGACCAAG-1	CS
CGTTCTGCAGACGCTC-1	RS2
CGTTCTGTCGTCCAGG-1	SC2
CGTTGGGAGCAGACTG-1	SC2
CGTTGGGCAATCCGAT-1	SC2
CGTTGGGGTACCCAAT-1	RS1
CGTTGGGGTTCCGGCA-1	RS1
CGTTGGGTCACTTATC-1	SC2
CGTTGGGTCGGAAACG-1	SC2
CTAACTTAGACCGGAT-1	SC2
CTAACTTCAAAGTGCG-1	RS1
CTAACTTCAACTGCGC-1	CS
CTAACTTCACATCTTT-1	RS1
CTAACTTCAGTGGAGT-1	CS
CTAAGACAGGGAGTAA-1	CS
CTAAGACCAAGACACG-1	RS2
CTAAGACCAAGTCTAC-1	SC2
CTAAGACCAATAGCAA-1	RS1
CTAAGACTCCACGAAT-1	RS1
CTAATGGCACGAAGCA-1	CS
CTAATGGCATGCCTAA-1	SC2
CTAATGGGTGGCCCTA-1	CS
CTACACCCATGGTCAT-1	CS
CTACACCGTCCGAATT-1	SC1
CTACACCGTCCGTGAC-1	RS2
CTACACCTCGCCGTGA-1	SC2
CTACACCTCGTGGACC-1	RS1
CTACATTCATTACGAC-1	ES
CTACATTGTGACGCCT-1	ES
CTACATTTCCATGCTC-1	RS1
CTACCCACAACGATCT-1	SC1
CTACCCAGTACCCAAT-1	RS1
CTACCCAGTGTGAAAT-1	SC2
CTACCCAGTTCCGTCT-1	RS1
CTACCCATCGGCGCAT-1	SC2
CTACGTCAGCAGCCTC-1	CS
CTACGTCAGGGAAACA-1	RS1
CTACGTCCAGCGTCCA-1	RS2
CTACGTCTCAACGAAA-1	SC2
CTAGAGTCAAGCGATG-1	CS
CTAGAGTTCGCAAACT-1	CS
CTAGCCTGTTTACTCT-1	SC2
CTCACACAGAGGTACC-1	SC2
CTCACACCATATACGC-1	RS2
CTCACACCATTACGAC-1	RS1
CTCACACGTCAGATAA-1	RS2
CTCACACTCAAAGTAG-1	RS1
CTCAGAACATCTCGCT-1	CS
CTCAGAATCATCGCTC-1	RS2
CTCATTAGTGTCGCTG-1	CS
CTCCTAGAGTAGGTGC-1	SC1
CTCGAAAGTCAGCTAT-1	CS
CTCGAAAGTTTACTCT-1	CS
CTCGAAATCGGCCGAT-1	CS
CTCGAGGAGCATGGCA-1	RS1
CTCGAGGGTGCTTCTC-1	RS2
CTCGGAGGTCCAACTA-1	SC2
CTCGGAGGTCGATTGT-1	RS2
CTCGGAGTCAACGCTA-1	SC2
CTCGGGAGTCATGCAT-1	SC2
CTCGTACCAGGTGCCT-1	RS1
CTCGTACGTCCGAATT-1	ES
CTCGTCACAAGCCTAT-1	SC2
CTCGTCACAGCTCGAC-1	RS2
CTCGTCAGTATTCGTG-1	ES
CTCGTCAGTGCATCTA-1	SC2
CTCGTCATCCTAGTGA-1	RS1
CTCTAATGTGTTTGGT-1	CS
CTCTAATTCAGGTTCA-1	SC1
CTCTAATTCAGTTAGC-1	ES
CTCTAATTCTATCGCC-1	RS1
CTCTACGCAGGGTTAG-1	RS2
CTCTACGGTAACGTTC-1	RS2
CTCTACGGTCGTGGCT-1	RS1
CTCTGGTAGTGGTAAT-1	SC1
CTCTGGTCAAGTCATC-1	RS2
CTCTGGTCATCACAAC-1	RS2
CTCTGGTTCACGCATA-1	CS
CTCTGGTTCTGAAAGA-1	SC2
CTGAAACAGTCCTCCT-1	CS
CTGAAACCACGACGAA-1	SC2
CTGAAACTCGATAGAA-1	RS1
CTGAAACTCTTACCTA-1	RS2
CTGAAGTCATGCCTTC-1	RS1
CTGAAGTCATTAGGCT-1	RS2
CTGAAGTTCGCCCTTA-1	SC2
CTGATAGAGGCATGGT-1	RS1
CTGATAGGTAGCTGCC-1	RS1
CTGATCCGTTGTCTTT-1	RS2
CTGCCTAGTCGAAAGC-1	SC2
CTGCCTATCTGCTGTC-1	RS2
CTGCGGAGTTACGGAG-1	CS
CTGCTGTGTACCGTAT-1	RS2
CTGCTGTTCATGTAGC-1	ES
CTGCTGTTCGCTTAGA-1	SC2
CTGTGCTAGTCTCCTC-1	SC2
CTGTGCTCAGGTCCAC-1	SC2
CTGTTTAAGGCAGGTT-1	SC2
CTTAACTAGCCCGAAA-1	CS
CTTAACTCAAAGAATC-1	RS1
CTTAACTCAAAGGAAG-1	RS2
CTTAACTCATGTCTCC-1	RS2
CTTAACTTCGGTCTAA-1	ES
CTTACCGCACACGCTG-1	RS1
CTTACCGCAGTCCTTC-1	RS2
CTTCTCTCACATCCGG-1	SC2
CTTCTCTCATGCAATC-1	RS2
CTTCTCTGTAAGTGGC-1	RS1
CTTGGCTCACCAGATT-1	RS1
CTTTGCGAGTTTCCTT-1	RS1
CTTTGCGCAAGTAATG-1	RS1
CTTTGCGCACCAGCAC-1	SC2
CTTTGCGGTACTTCTT-1	CS
CTTTGCGGTCTAAAGA-1	ES
CTTTGCGTCTCAACTT-1	RS1
CTTTGCGTCTCCAGGG-1	RS2
GAAACTCAGAGCAATT-1	RS1
GAAATGAAGATGGGTC-1	RS2
GAAATGAGTACCTACA-1	RS1
GAACATCAGCCACGCT-1	RS1
GAACATCCAAACTGCT-1	CS
GAACATCGTACCGTAT-1	SC2
GAACATCGTCAGAATA-1	RS1
GAACCTAAGTAATCCC-1	SC2
GAACCTAAGTTAGCGG-1	SC2
GAACCTATCTTGTCAT-1	RS1
GAACGGAAGAAACCGC-1	SC2
GAACGGATCTGATACG-1	SC2
GAAGCAGAGGAGCGAG-1	SC2
GAAGCAGAGTCAAGGC-1	CS
GAAGCAGGTCAAAGAT-1	SC1
GAATAAGCAAACTGCT-1	SC2
GAATAAGCACAGTCGC-1	CS
GAATAAGGTACGAAAT-1	RS1
GAATGAATCCATGAGT-1	ES
GACACGCCATCCCATC-1	RS1
GACACGCCATGCATGT-1	CS
GACACGCGTACCGTAT-1	RS1
GACACGCTCTCTTATG-1	SC1
GACAGAGCAATTGCTG-1	CS
GACAGAGGTGCGAAAC-1	RS1
GACAGAGTCACCGTAA-1	CS
GACCAATAGACAAGCC-1	CS
GACCAATGTAGGAGTC-1	RS1
GACCAATGTTATCCGA-1	CS
GACCAATTCCTCAATT-1	RS2
GACGCGTAGCGATGAC-1	RS1
GACGCGTCAAGCGCTC-1	RS2
GACGCGTGTACGACCC-1	ES
GACGCGTGTGGTCTCG-1	CS
GACGGCTAGATCTGCT-1	RS1
GACGGCTAGCCCAACC-1	CS
GACGGCTAGGATGTAT-1	CS
GACGGCTCAATGCCAT-1	CS
GACGTGCAGAGGGATA-1	CS
GACGTGCCATGTAAGA-1	RS1
GACGTTAAGCTGGAAC-1	RS2
GACGTTAAGTCTTGCA-1	ES
GACTAACGTCTCTTTA-1	ES
GACTAACTCCGCATCT-1	RS2
GACTACAGTCTGGAGA-1	CS
GACTACATCCTGTACC-1	RS1
GACTGCGAGTGTCCCG-1	ES
GACTGCGCACGTTGGC-1	CS
GACTGCGCAGGAATCG-1	ES
GAGCAGAAGAATGTGT-1	SC2
GAGCAGACATAAGACA-1	RS2
GAGCAGACATCCCACT-1	CS
GAGCAGAGTTCACCTC-1	CS
GAGCAGAGTTGGTGGA-1	SC2
GAGCAGATCCGAATGT-1	CS
GAGGTGATCGGTGTCG-1	RS1
GAGGTGATCTAACCGA-1	SC2
GAGGTGATCTGAGTGT-1	RS1
GAGTCCGAGCTGCAAG-1	SC2
GAGTCCGCAGACGCCT-1	SC2
GAGTCCGCAGACGCTC-1	SC2
GAGTCCGGTTAGGGTG-1	SC2
GATCAGTCAATGACCT-1	CS
GATCGATAGAAAGTGG-1	SC2
GATCGATAGCGTGAGT-1	SC2
GATCGATGTACCGAGA-1	RS1
GATCGATGTAGTACCT-1	RS1
GATCGATTCGAATGGG-1	RS1
GATCGCGAGAGATGAG-1	CS
GATCGCGAGGCTAGCA-1	RS1
GATCGCGGTCAGAATA-1	CS
GATCGCGTCCAATGGT-1	RS1
GATCGTAAGTGACATA-1	CS
GATCGTACAAACCCAT-1	CS
GATCGTACAGATGGGT-1	RS1
GATCGTATCGCAGGCT-1	RS1
GATCTAGAGATCCCGC-1	CS
GATCTAGCACGAAGCA-1	RS1
GATCTAGGTCACAAGG-1	RS2
GATCTAGGTCACTGGC-1	SC2
GATCTAGTCCGCTGTT-1	SC2
GATGAAACAATCAGAA-1	ES
GATGAAAGTCGAGTTT-1	SC2
GATGAAAGTGTGCGTC-1	RS2
GATGAGGTCCTAGGGC-1	ES
GATGCTACACTGCCAG-1	RS1
GATTCAGAGTTACGGG-1	RS1
GATTCAGCACCATGTA-1	RS1
GATTCAGCAGCTCGCA-1	CS
GATTCAGGTTGTACAC-1	SC2
GCAAACTAGTGTCCCG-1	SC2
GCAAACTGTGTAACGG-1	SC2
GCAATCAGTACGCACC-1	RS1
GCAATCAGTGTGAATA-1	CS
GCACATACATCTGGTA-1	RS1
GCACATACATGAACCT-1	CS
GCACATAGTTCCACGG-1	RS1
GCACATATCGCACTCT-1	RS1
GCACATATCTTCGAGA-1	CS
GCACTCTAGATAGCAT-1	SC2
GCACTCTCACGGACAA-1	Sertoli
GCACTCTCATGCCCGA-1	CS
GCACTCTTCGGCGGTT-1	ES
GCAGCCACAATACGCT-1	CS
GCAGCCACACACGCTG-1	RS2
GCAGCCACATCTACGA-1	SC2
GCAGCCACATGTAGTC-1	RS1
GCAGCCATCCAGATCA-1	CS
GCAGTTAAGGACCACA-1	RS1
GCAGTTACACCTATCC-1	SC2
GCATACAAGCTGCCCA-1	ES
GCATACAAGGCAAAGA-1	SC2
GCATACAGTCTTGCGG-1	SC2
GCATGCGCAGCTGTGC-1	SC2
GCATGTATCCGTCATC-1	SC2
GCATGTATCTCTAAGG-1	RS1
GCCAAATCAAGCGATG-1	SC2
GCCAAATCACTGAAGG-1	ES
GCCAAATCATCGGACC-1	SC1
GCCAAATTCCACGAAT-1	SC2
GCCAAATTCTAACCGA-1	RS2
GCCAAATTCTCACATT-1	CS
GCCTCTAAGACAGGCT-1	SC2
GCCTCTACAACACCTA-1	CS
GCGAGAACAAGCTGAG-1	RS1
GCGAGAACACGAAACG-1	RS2
GCGAGAAGTAAACCTC-1	ES
GCGAGAAGTTAAGAAC-1	RS1
GCGCAACAGCTTCGCG-1	RS1
GCGCAACAGTGCAAGC-1	SC2
GCGCAACCATGACATC-1	RS1
GCGCAACGTTCCTCCA-1	CS
GCGCAACTCTGATTCT-1	RS1
GCGCAGTCAAGTTAAG-1	CS
GCGCAGTCAGCTCGAC-1	SC2
GCGCAGTGTTGGACCC-1	RS1
GCGCCAAAGAAGATTC-1	RS2
GCGCCAAGTTAAAGTG-1	RS1
GCGCCAATCCTTTCGG-1	CS
GCGCGATGTAAGTGTA-1	SC2
GCGCGATGTTCCACTC-1	CS
GCGGGTTAGGGCATGT-1	RS2
GCGGGTTCATGCCCGA-1	ES
GCGGGTTGTATAGGGC-1	RS2
GCTCCTACATCTGGTA-1	SC2
GCTCCTATCTACCTGC-1	CS
GCTCCTATCTTAGAGC-1	RS1
GCTCTGTAGCGTTCCG-1	CS
GCTCTGTAGTGCTGCC-1	SC2
GCTCTGTGTACACCGC-1	SC2
GCTCTGTGTAGGGTAC-1	ES
GCTCTGTGTCATCCCT-1	CS
GCTCTGTTCAACGGGA-1	SC2
GCTCTGTTCACGACTA-1	SC1
GCTCTGTTCAGCTCTC-1	RS1
GCTGCAGAGGCTAGGT-1	RS1
GCTGCAGCAGACGCCT-1	SC2
GCTGCGAAGCGGCTTC-1	SC2
GCTGCGAAGGACAGAA-1	RS1
GCTGCTTTCATCGATG-1	SC2
GCTGCTTTCGCCTGTT-1	SC2
GCTGGGTAGTTTAGGA-1	RS1
GCTGGGTGTAGCGCAA-1	CS
GCTGGGTGTTATTCTC-1	SC1
GCTTCCAAGGCCGAAT-1	RS2
GCTTCCAAGTCGATAA-1	RS1
GCTTGAATCGGAAACG-1	CS
GGAAAGCAGAATAGGG-1	SC2
GGAAAGCAGCTACCTA-1	SC2
GGAAAGCTCAACTCTT-1	ES
GGAACTTAGCCAGAAC-1	SC2
GGAACTTGTAGCTTGT-1	RS2
GGAACTTTCATGTCCC-1	CS
GGAACTTTCCGAATGT-1	ES
GGAACTTTCGTCCGTT-1	RS2
GGAATAAGTAAATACG-1	SC2
GGACAAGAGATCCCGC-1	SC2
GGACAAGCATCCGTGG-1	SC2
GGACAAGGTGCCTGTG-1	SC2
GGACAGAAGGATCGCA-1	RS2
GGACAGAGTGTCAATC-1	RS1
GGACAGATCCATGAAC-1	SC2
GGACAGATCCCAAGAT-1	RS2
GGACATTCAAACAACA-1	SC2
GGACATTCAAAGGTGC-1	ES
GGACATTTCAACGAAA-1	CS
GGACATTTCTTGAGAC-1	SC2
GGACGTCGTCCGACGT-1	CS
GGACGTCTCGGACAAG-1	CS
GGAGCAACACTTAAGC-1	RS2
GGAGCAACAGCCACCA-1	CS
GGATGTTCACGACTCG-1	RS1
GGATGTTCATGCGCAC-1	RS2
GGATGTTGTGATGCCC-1	RS2
GGATGTTTCAACCAAC-1	RS2
GGATGTTTCTGGTTCC-1	SC2
GGATTACGTCCAGTAT-1	ES
GGATTACTCCGTACAA-1	RS1
GGCCGATAGCTGTCTA-1	ES
GGCCGATCACACTGCG-1	Sertoli
GGCCGATCACCTATCC-1	CS
GGCCGATGTATTCTCT-1	CS
GGCCGATGTCGTGGCT-1	SC1
GGCGACTGTACATCCA-1	RS1
GGCGACTGTGAGTATA-1	SC2
GGCGTGTCAATGGTCT-1	ES
GGCGTGTCAGCTGTAT-1	CS
GGCTCGAAGCAGCCTC-1	CS
GGCTCGAAGTGAAGTT-1	ES
GGCTCGACACAGACTT-1	SC1
GGCTCGAGTCTTGATG-1	RS1
GGCTCGATCATGTCTT-1	SC2
GGCTGGTAGCTGGAAC-1	SC2
GGCTGGTAGGGAGTAA-1	SC2
GGCTGGTCAATGTTGC-1	RS2
GGCTGGTTCTGGTATG-1	SC2
GGGAATGAGTACGATA-1	RS2
GGGACCTGTTCCCTTG-1	RS1
GGGACCTGTTGGTTTG-1	ES
GGGACCTTCACAATGC-1	ES
GGGAGATTCGTCTGCT-1	RS2
GGGATGATCCTTTCTC-1	SC2
GGGCACTTCACCATAG-1	SC2
GGGCATCGTCCAGTGC-1	RS1
GGGCATCTCACTTATC-1	RS1
GGGCATCTCGAGAGCA-1	RS2
GGGTCTGAGTTAAGTG-1	RS1
GGGTCTGCATGAGCGA-1	RS1
GGGTCTGGTGTGGCTC-1	RS2
GGGTCTGGTTACGACT-1	SC2
GGGTTGCCAGCCTATA-1	CS
GGTATTGGTGCAGGTA-1	RS1
GGTATTGTCAGCCTAA-1	RS1
GGTATTGTCGTGGTCG-1	RS1
GGTGAAGCAACGATCT-1	RS2
GGTGAAGCAGCCTATA-1	RS2
GGTGAAGTCTATGTGG-1	RS1
GGTGCGTAGTCGTACT-1	RS1
GGTGCGTGTGCACCAC-1	ES
GGTGCGTTCGAATCCA-1	CS
GGTGTTACACACCGCA-1	RS2
GGTGTTACATGCCTTC-1	RS1
GGTGTTAGTAAGTTCC-1	SC2
GGTGTTAGTGTAAGTA-1	CS
GGTGTTAGTTACGGAG-1	CS
GGTGTTATCAGCACAT-1	RS1
GTAACGTAGCACACAG-1	SC2
GTAACGTAGTGAATTG-1	CS
GTAACGTCATCGGAAG-1	SC2
GTAACGTGTCTTGCGG-1	CS
GTAACTGAGACCACGA-1	CS
GTAACTGTCGTAGATC-1	CS
GTACGTACAGCTGCAC-1	SC2
GTACGTACATTGGTAC-1	RS2
GTACGTATCGTGGTCG-1	RS2
GTACTCCTCAAACCAC-1	RS1
GTACTTTAGAAGGCCT-1	ES
GTACTTTAGCCCGAAA-1	RS2
GTACTTTGTACCGCTG-1	CS
GTACTTTGTCCGTCAG-1	RS1
GTACTTTTCAAACCAC-1	RS1
GTACTTTTCTAACCGA-1	RS1
GTACTTTTCTTTACGT-1	SC2
GTAGGCCAGCGATGAC-1	CS
GTAGGCCCATCGGTTA-1	RS2
GTATCTTAGCATCATC-1	SC2
GTATCTTTCAGTCAGT-1	CS
GTATCTTTCCTTAATC-1	RS1
GTATCTTTCTTTCCTC-1	RS1
GTCAAGTCATACGCTA-1	CS
GTCAAGTTCGGTTCGG-1	CS
GTCATTTTCACCATAG-1	SC2
GTCCTCACACGAGGTA-1	SC2
GTCCTCATCGCAAGCC-1	RS1
GTCGGGTCAGGTCTCG-1	CS
GTCGGGTGTAGCCTCG-1	RS1
GTCGGGTGTAGCGATG-1	CS
GTCGGGTTCAGTTTGG-1	RS1
GTCTCGTAGCTAAACA-1	RS1
GTCTTCGCACTCAGGC-1	CS
GTCTTCGGTCGGCACT-1	RS2
GTCTTCGGTTGATTCG-1	Spg
GTCTTCGTCCATGAGT-1	SC2
GTGAAGGAGAGCTGCA-1	RS1
GTGAAGGCAGAAGCAC-1	RS1
GTGAAGGGTTGGTAAA-1	CS
GTGAAGGTCTTCGAGA-1	CS
GTGCAGCCACATCCAA-1	CS
GTGCATAAGTGTTTGC-1	Sertoli
GTGCATATCCGTACAA-1	SC2
GTGCATATCGAACTGT-1	SC2
GTGCGGTCACACCGCA-1	RS1
GTGCGGTCATCTGGTA-1	SC2
GTGGGTCGTAAATGTG-1	RS1
GTGGGTCGTCGCATAT-1	SC2
GTGTGCGTCCTTCAAT-1	SC2
GTGTTAGAGCTGATAA-1	SC2
GTGTTAGAGTGTCCAT-1	SC2
GTGTTAGGTCCATCCT-1	SC1
GTGTTAGTCGTTTATC-1	RS1
GTGTTAGTCTCTGTCG-1	CS
GTTAAGCAGACAGGCT-1	RS2
GTTAAGCCACATAACC-1	ES
GTTAAGCGTGGTTTCA-1	SC1
GTTAAGCGTTCGTGAT-1	SC2
GTTACAGCATTTCAGG-1	SC2
GTTCATTCACTGTTAG-1	SC2
GTTCGGGAGGCTCAGA-1	RS2
GTTCGGGAGGGAAACA-1	CS
GTTCGGGCAAGCTGTT-1	CS
GTTCGGGCAATCCAAC-1	SC2
GTTCGGGGTCATACTG-1	RS2
GTTCGGGGTGCAGTAG-1	SC2
GTTCGGGTCGCGATCG-1	SC2
GTTCTCGAGTACGCCC-1	RS1
GTTTCTATCCGCGGTA-1	CS
GTTTCTATCTCTTGAT-1	RS1
GTTTCTATCTGGCGTG-1	CS
TAAACCGAGTATCGAA-1	SC1
TAAACCGCATCCTAGA-1	CS
TAAACCGGTGATAAGT-1	SC1
TAAACCGTCTAACTCT-1	RS1
TAAGAGAAGGCCCTCA-1	RS1
TAAGAGACATGCATGT-1	RS2
TAAGAGAGTACTTAGC-1	ES
TAAGCGTAGGATGCGT-1	RS1
TAAGCGTCAACTGCGC-1	SC2
TAAGCGTCAGCTCGCA-1	SC2
TACAGTGAGCTGTTCA-1	ES
TACAGTGAGTGTACTC-1	RS1
TACAGTGCACACCGAC-1	SC2
TACAGTGTCAACACAC-1	CS
TACAGTGTCATGCAAC-1	ES
TACCTATGTTCGTGAT-1	CS
TACCTTACATAAGACA-1	SC2
TACCTTATCCGCAGTG-1	CS
TACGGATCACCGCTAG-1	CS
TACGGGCCAGGAATCG-1	RS1
TACGGGCCAGTACACT-1	SC2
TACGGGCGTCGCGGTT-1	ES
TACGGTAAGCAATCTC-1	CS
TACGGTAGTACCGAGA-1	RS2
TACGGTAGTCAACTGT-1	SC2
TACTCATAGATCTGCT-1	SC1
TACTCATAGCGCCTCA-1	SC2
TACTCATAGGGATCTG-1	RS1
TACTCATCAGAGTGTG-1	RS2
TACTCGCCACGGACAA-1	SC2
TACTCGCTCCAGATCA-1	SC2
TACTTACGTAATAGCA-1	RS2
TACTTACGTTGTGGAG-1	RS1
TACTTACTCCGTTGTC-1	RS1
TACTTGTTCAGCACAT-1	CS
TAGACCAAGCGCTCCA-1	RS1
TAGACCAAGGGTTTCT-1	CS
TAGACCACATGTAAGA-1	SC2
TAGACCAGTCTAGAGG-1	RS1
TAGAGCTAGCTCCTTC-1	RS2
TAGAGCTCACGTTGGC-1	CS
TAGCCGGGTCCTAGCG-1	RS2
TAGGCATAGAATTCCC-1	SC2
TAGGCATTCGGCGGTT-1	CS
TAGTGGTAGTTACGGG-1	SC2
TAGTGGTTCATTGCGA-1	SC2
TAGTTGGCACGTGAGA-1	RS2
TAGTTGGCATCCCATC-1	RS1
TAGTTGGGTCCGTTAA-1	CS
TATCAGGAGAGCTGCA-1	ES
TATCAGGAGCCAGAAC-1	SC2
TATCAGGAGCCCAACC-1	RS1
TATCAGGAGTGAACGC-1	ES
TATCAGGAGTTCCACA-1	ES
TATCTCATCCATGAAC-1	CS
TATCTCATCCGTCAAA-1	RS2
TATGCCCTCGGCATCG-1	SC2
TATGCCCTCTTCCTTC-1	RS2
TATTACCAGAGTCTGG-1	SC2
TCAACGACAGTCCTTC-1	RS1
TCAACGAGTTCCACAA-1	ES
TCAACGATCAGTTCGA-1	SC2
TCAACGATCCAAGCCG-1	CS
TCAATCTAGTTAGCGG-1	RS2
TCACAAGAGATCTGCT-1	RS2
TCACAAGGTCCAAGTT-1	RS1
TCACAAGGTCGTGGCT-1	SC1
TCACAAGTCCGCAGTG-1	SC2
TCACGAAAGTTTAGGA-1	SC2
TCACGAACAACTTGAC-1	RS1
TCACGAAGTACCGCTG-1	RS2
TCACGAAGTTGGAGGT-1	RS1
TCACGAATCAATCACG-1	CS
TCACGAATCACAACGT-1	CS
TCAGATGAGAATTCCC-1	RS1
TCAGATGCAATAGCGG-1	ES
TCAGATGGTTGTCGCG-1	SC2
TCAGCAACATTGCGGC-1	RS1
TCAGGATAGGCTAGGT-1	RS1
TCAGGATAGTCATGCT-1	RS2
TCAGGATCAACGATGG-1	RS1
TCAGGATCATGGTCAT-1	RS1
TCAGGATGTCTTCTCG-1	CS
TCAGGTAGTGACCAAG-1	CS
TCATTACCACCCTATC-1	SC2
TCATTACTCAACACTG-1	CS
TCATTTGAGTTACGGG-1	SC2
TCATTTGGTCTTCTCG-1	SC1
TCATTTGGTGACCAAG-1	RS1
TCATTTGTCTCCGGTT-1	RS1
TCCACACAGACACGAC-1	RS2
TCCACACCACGGCGTT-1	ES
TCCCGATCACGCCAGT-1	RS1
TCCCGATCATTCACTT-1	RS1
TCGAGGCCAAGCCGCT-1	SC1
TCGCGAGAGGGTGTTG-1	SC2
TCGCGAGCACGGTAAG-1	SC2
TCGCGAGCAGGACGTA-1	RS1
TCGCGAGTCCATTCTA-1	SC2
TCGCGTTAGACTAGGC-1	RS1
TCGCGTTCACAGATTC-1	SC2
TCGCGTTCACCGCTAG-1	CS
TCGCGTTTCCGCATCT-1	RS2
TCGGGACAGAGACTAT-1	RS2
TCGGGACGTCACTTCC-1	CS
TCGGTAAAGTGAACGC-1	RS1
TCGGTAACATAGAAAC-1	RS2
TCGGTAACATGGTCAT-1	RS2
TCGGTAAGTCCAAGTT-1	SC2
TCGGTAAGTCTCACCT-1	SC2
TCGGTAATCCGCTGTT-1	CS
TCGGTAATCTGCCCTA-1	ES
TCGTACCCAGCCTATA-1	CS
TCGTACCGTCACCTAA-1	SC2
TCGTAGAAGTACGCGA-1	SC2
TCGTAGACAATCTACG-1	CS
TCGTAGAGTGTTCGAT-1	RS1
TCGTAGAGTGTTTGTG-1	RS1
TCGTAGATCCGCGCAA-1	RS1
TCTATTGCACGGACAA-1	RS1
TCTATTGGTAAGTGGC-1	CS
TCTATTGGTAGAAAGG-1	SC2
TCTATTGTCCCTAACC-1	RS2
TCTATTGTCGCCGTGA-1	CS
TCTATTGTCTATCCCG-1	ES
TCTCTAAAGACCACGA-1	SC2
TCTCTAAAGATCTGAA-1	SC2
TCTCTAAGTGAGGCTA-1	SC2
TCTCTAATCTGTCTCG-1	CS
TCTGAGAAGCTAGTGG-1	CS
TCTGAGATCAGAGGTG-1	SC2
TCTGGAATCCCGACTT-1	ES
TCTTCGGAGCTAGCCC-1	SC2
TCTTCGGCATGTCGAT-1	SC2
TCTTCGGGTCCTCCAT-1	RS1
TCTTCGGGTCTGGTCG-1	SC2
TCTTTCCGTCGCATCG-1	CS
TGAAAGAAGAATCTCC-1	SC2
TGAAAGAAGCGTGAGT-1	ES
TGAAAGAAGTGGAGTC-1	CS
TGAAAGACATGCAATC-1	SC1
TGAAAGAGTCCTCCAT-1	SC2
TGAAAGAGTCTTGCGG-1	CS
TGACAACCAATGGACG-1	SC2
TGACAACCATACTCTT-1	CS
TGACAACCATTACGAC-1	CS
TGACAACTCTTCATGT-1	RS1
TGACGGCCATCTCCCA-1	CS
TGACGGCCATTAACCG-1	SC2
TGACTAGGTCATATGC-1	CS
TGACTAGTCACAATGC-1	SC2
TGACTAGTCATACGGT-1	RS1
TGACTAGTCCCAACGG-1	RS2
TGACTAGTCGAACGGA-1	RS1
TGAGAGGAGCGTTCCG-1	SC2
TGAGAGGAGTCACGCC-1	RS2
TGAGAGGCAAGTTAAG-1	SC2
TGAGAGGTCACGACTA-1	RS1
TGAGCATAGAATTCCC-1	CS
TGAGCATAGACGACGT-1	RS1
TGAGCATAGTTACCCA-1	RS2
TGAGCATCAGCTGTAT-1	SC2
TGAGCATCATCGGGTC-1	CS
TGAGCATGTTTGGCGC-1	CS
TGAGCCGGTGAGGCTA-1	ES
TGAGCCGGTGATGTCT-1	RS2
TGAGGGAAGCTAACAA-1	SC2
TGAGGGAAGGCGCTCT-1	RS1
TGAGGGAGTAAGTTCC-1	CS
TGATTTCAGAATTGTG-1	CS
TGATTTCAGCTAGTCT-1	CS
TGATTTCAGGATGGTC-1	RS1
TGATTTCAGGCAGGTT-1	SC2
TGATTTCGTACGACCC-1	RS2
TGATTTCGTCTTCGTC-1	RS1
TGCACCTAGGATGGTC-1	RS1
TGCACCTAGTTCCACA-1	CS
TGCACCTCATGGGAAC-1	SC2
TGCACCTGTTGGACCC-1	SC2
TGCACCTTCCAATGGT-1	CS
TGCACCTTCTCAACTT-1	ES
TGCCAAACAGCTATTG-1	CS
TGCCAAACATTGGTAC-1	ES
TGCCAAATCGCCAGCA-1	SC2
TGCCCATTCTAGCACA-1	RS2
TGCCCTAAGTCCTCCT-1	SC1
TGCGCAGAGTGTACCT-1	SC1
TGCGCAGAGTTGTAGA-1	RS2
TGCGGGTTCGTAGATC-1	CS
TGCGTGGAGCGAAGGG-1	SC1
TGCGTGGGTCAATGTC-1	RS1
TGCGTGGGTCGATTGT-1	RS2
TGCTACCAGAAGGACA-1	RS1
TGCTACCAGGCTCATT-1	SC2
TGCTGCTAGCTGAAAT-1	ES
TGCTGCTCAAGACGTG-1	RS2
TGCTGCTGTCACCCAG-1	RS1
TGCTGCTTCTAACTGG-1	RS1
TGGACGCCACCCAGTG-1	SC1
TGGCCAGCACCAACCG-1	ES
TGGCGCAAGGCATGTG-1	CS
TGGCTGGTCCTAGTGA-1	ES
TGGGAAGAGAGTACCG-1	ES
TGGGAAGCAATCGGTT-1	RS1
TGGGAAGTCAGTCCCT-1	RS2
TGGGCGTAGAGCCCAA-1	RS1
TGGGCGTCAATCTGCA-1	RS1
TGGTTAGGTAGCGTCC-1	SC2
TGGTTAGTCTGAGGGA-1	RS1
TGGTTCCGTGCTCTTC-1	CS
TGGTTCCTCATGGTCA-1	Leydig
TGTCCCAAGAATTCCC-1	CS
TGTCCCAGTGCAGGTA-1	RS1
TGTGGTAAGTCTCCTC-1	CS
TGTTCCGAGAAACCGC-1	RS1
TGTTCCGCATGTAAGA-1	SC2
TGTTCCGCATTCTCAT-1	RS1
TGTTCCGGTCCAGTTA-1	SC1
TGTTCCGTCACAGGCC-1	RS2
TGTTCCGTCTTCAACT-1	RS1
TTAACTCGTATATGAG-1	CS
TTAGGACAGTTGAGAT-1	RS1
TTAGGACTCCAAGCCG-1	SC2
TTAGGACTCGCCAAAT-1	RS1
TTAGTTCAGTAGATGT-1	RS1
TTAGTTCCAGACAGGT-1	RS1
TTAGTTCTCTTGCCGT-1	RS1
TTATGCTAGTACCGGA-1	SC2
TTATGCTCAGCTGTGC-1	RS2
TTATGCTGTACCGTAT-1	RS2
TTCCCAGAGATATACG-1	CS
TTCCCAGAGCCAGAAC-1	CS
TTCCCAGCATAACCTG-1	CS
TTCCCAGTCAGCGACC-1	SC1
TTCCCAGTCCCGGATG-1	RS2
TTCCCAGTCTACGAGT-1	SC2
TTCCCAGTCTGGGCCA-1	RS1
TTCGAAGAGACTGGGT-1	CS
TTCGAAGGTATGAATG-1	RS2
TTCGGTCAGCCCTAAT-1	RS1
TTCGGTCAGTGAAGTT-1	RS2
TTCGGTCAGTGGTAAT-1	RS1
TTCGGTCCAAGTCATC-1	SC2
TTCGGTCCAGACAGGT-1	RS1
TTCGGTCTCACATAGC-1	CS
TTCGGTCTCCAATGGT-1	CS
TTCTACACACGAGAGT-1	RS1
TTCTACACATGCGCAC-1	SC2
TTCTACAGTCGCGTGT-1	SC2
TTCTACATCTTGCATT-1	SC1
TTCTCAAGTAGGGACT-1	RS2
TTCTTAGCAATCGAAA-1	RS1
TTCTTAGTCTTACCGC-1	RS1
TTGAACGAGGCTAGGT-1	SC2
TTGAACGGTGCACTTA-1	RS2
TTGAACGGTGTGGTTT-1	RS2
TTGAACGTCCGCGCAA-1	SC2
TTGACTTCAGGATTGG-1	ES
TTGACTTGTAACGACG-1	ES
TTGACTTGTCCGAACC-1	SC2
TTGCGTCGTCGACTGC-1	SC2
TTGGAACCAGACGCCT-1	CS
TTGGAACGTAAGTGTA-1	SC1
TTGGAACGTAGGGTAC-1	RS1
TTGGAACTCGAGAACG-1	CS
TTGGCAATCACCGTAA-1	RS1
TTGGCAATCACTCCTG-1	SC2
TTGTAGGCACCGAATT-1	CS
TTGTAGGGTCACAAGG-1	SC1
TTGTAGGTCGGAAATA-1	RS1
TTTACTGAGGCAAAGA-1	CS
TTTACTGCACCAGGTC-1	SC1
TTTACTGGTGTTGAGG-1	RS1
TTTACTGTCAACACAC-1	RS1
TTTATGCAGGTAGCTG-1	RS1
TTTATGCGTTTGTTTC-1	RS1
TTTCCTCTCTTTAGGG-1	RS1
TTTGCGCAGAATAGGG-1	RS2
TTTGGTTAGTCCAGGA-1	CS
TTTGGTTGTATCTGCA-1	CS
TTTGGTTTCGGTGTCG-1	RS1
TTTGTCACAAGTTAAG-1	SC2
TTTGTCAGTAATAGCA-1	RS1
TTTGTCAGTCTCGTTC-1	RS2
